ID;Наименование;Материал;X мм;Y мм;Z мм;Центр X мм;Центр Y мм;Центр Z мм;Этап;Примечание
A01;Задняя панель;Фанера 18;1200;18;800;0;9;400;1;
L01;Боковина левого блока;Фанера 15;15;70;345;-552.5;-35;452.5;2;
L02;Боковина левого блока;Фанера 15;15;70;345;-257.5;-35;452.5;2;
L03;Полка левого блока;Фанера 15;280;70;15;-405;-35;287.5;2;
L04;Полка левого блока;Фанера 15;280;70;15;-405;-35;452.5;2;
L05;Полка левого блока;Фанера 15;280;70;15;-405;-35;617.5;2;
R01;Боковина правого блока;Фанера 15;15;70;380;257.5;-35;470;3;
R02;Боковина правого блока;Фанера 15;15;70;380;552.5;-35;470;3;
R03;Полка правого блока;Фанера 15;280;70;15;405;-35;287.5;3;
R04;Полка правого блока;Фанера 15;280;70;15;405;-35;652.5;3;
C01;Боковина центрального блока;Фанера 15;15;70;180;-207.5;-35;370;4;
C02;Боковина центрального блока;Фанера 15;15;70;180;207.5;-35;370;4;
C03;Полка центрального блока;Фанера 15;400;70;15;0;-35;287.5;4;
C04;Полка центрального блока;Фанера 15;400;70;15;0;-35;452.5;4;
C05;Перегородка центрального блока;Фанера 15;15;70;150;-72.5;-35;370;4;
C06;Перегородка центрального блока;Фанера 15;15;70;150;72.5;-35;370;4;
B01;Боковина нижнего блока;Фанера 15;15;70;230;-562.5;-35;155;5;
B02;Боковина нижнего блока;Фанера 15;15;70;230;562.5;-35;155;5;
B03;Полка нижнего блока;Фанера 15;1110;70;15;0;-35;47.5;5;"Под нагрузкой проверить прогиб; при необходимости добавить опору."
B04;Полка нижнего блока;Фанера 15;1110;70;15;0;-35;262.5;5;"Под нагрузкой проверить прогиб; при необходимости добавить опору."
D01;Боковая декоративная планка;Дерево 30;38;30;800;-581;-67;400;7;"Резьба эскизная; заготовка, не готовый рельеф ЧПУ."
D02;Боковая декоративная планка;Дерево 30;38;30;800;581;-67;400;7;"Резьба эскизная; заготовка, не готовый рельеф ЧПУ."
D03;Нижняя декоративная планка;Дерево 30;1124;30;25;0;-67;12.5;7;
D04;Верхняя декоративная планка;Дерево 30;1124;30;45;0;-67;777.5;7;
G01;Левая нижняя панель;Акрил 4;290;4;160;-405;-72;370;8;"Накладная панель: нахлёст 5 мм на каждую сторону; проверить шаблоном."
G02;Левая верхняя панель;Акрил 4;290;4;160;-405;-72;535;8;"Накладная панель: нахлёст 5 мм на каждую сторону; проверить шаблоном."
G03;Центральная панель;Акрил 4;410;4;160;0;-72;370;8;"Накладная панель: нахлёст 5 мм на каждую сторону; проверить шаблоном."
G04;Правая панель;Акрил 4;290;4;360;405;-72;470;8;"Накладная панель: нахлёст 5 мм на каждую сторону; проверить шаблоном."
G05;Нижняя панель;Акрил 4;1120;4;210;0;-72;155;8;"Накладная панель: нахлёст 5 мм на каждую сторону; проверить шаблоном."
